<?xml version="1.0" encoding="UTF-8"?>
<metadata modelVersion="1.1.0">
  <groupId>org.apache.kafka</groupId>
  <artifactId>kafka-clients</artifactId>
  <version>3.4.1-SNAPSHOT</version>
  <versioning>
    <snapshot>
      <localCopy>true</localCopy>
    </snapshot>
    <lastUpdated>20241010055628</lastUpdated>
    <snapshotVersions>
      <snapshotVersion>
        <classifier>test</classifier>
        <extension>jar</extension>
        <value>3.4.1-SNAPSHOT</value>
        <updated>20241010055628</updated>
      </snapshotVersion>
      <snapshotVersion>
        <classifier>test-sources</classifier>
        <extension>jar</extension>
        <value>3.4.1-SNAPSHOT</value>
        <updated>20241010055628</updated>
      </snapshotVersion>
      <snapshotVersion>
        <extension>jar</extension>
        <value>3.4.1-SNAPSHOT</value>
        <updated>20241010055628</updated>
      </snapshotVersion>
      <snapshotVersion>
        <classifier>javadoc</classifier>
        <extension>jar</extension>
        <value>3.4.1-SNAPSHOT</value>
        <updated>20241010055628</updated>
      </snapshotVersion>
      <snapshotVersion>
        <extension>pom</extension>
        <value>3.4.1-SNAPSHOT</value>
        <updated>20241010055628</updated>
      </snapshotVersion>
      <snapshotVersion>
        <extension>module</extension>
        <value>3.4.1-SNAPSHOT</value>
        <updated>20241010055628</updated>
      </snapshotVersion>
      <snapshotVersion>
        <classifier>sources</classifier>
        <extension>jar</extension>
        <value>3.4.1-SNAPSHOT</value>
        <updated>20241010055628</updated>
      </snapshotVersion>
    </snapshotVersions>
  </versioning>
</metadata>
